<?xml version="1.0" encoding="UTF-8" standalone="no"?>
<changelog xmlns="http://www.omnigroup.com/namespace/OmniPlan/v2">
  <version>2.1</version>
  <task-change-set user="chenyujia" date="2017-12-18T05:23:16.808Z" timestamp="2017-12-18T05:23:16.808Z">
    <change idref="t1" attribute="isGroup" type="real" from="0" to="1" resolved="yes"/>
    <change idref="t1" attribute="multiResourceWorkType" type="real" from="0" resolved="yes"/>
    <change idref="t1" attribute="isSplittableTask" type="real" from="1" resolved="yes"/>
    <change idref="t1" attribute="taskType" type="real" from="0" to="2" resolved="yes"/>
    <change idref="t1" attribute="title" type="string" from="任务 1" to="tomorrow v 2.0" resolved="yes"/>
    <change idref="t1" attribute="resourceAssignmentType" type="real" from="0" resolved="yes"/>
    <change idref="t1" attribute="staticCost" type="real" from="0" resolved="yes"/>
    <change idref="t1" attribute="effort" type="real" from="28800" resolved="yes"/>
    <change idref="t1" attribute="isSplitChunk" type="real" from="0" resolved="yes"/>
    <change idref="t1" attribute="scheduleType" type="real" from="0" resolved="yes"/>
    <change idref="t1" attribute="internalAssignments" type="string" from="" resolved="yes"/>
    <change idref="t1" attribute="isSplitTask" type="real" from="0" resolved="yes"/>
    <change idref="t1" attribute="internalEffortDone" type="real" from="0" resolved="yes"/>
    <change idref="t6" to="t1" to-position="0" resolved="yes">
      <change idref="t6" attribute="isGroup" type="real" from="0" to="1"/>
      <change idref="t6" attribute="taskType" type="real" from="0" to="2"/>
      <change idref="t6" attribute="title" type="string" to="输入信息的2000份真实样本获取"/>
    </change>
    <change idref="t8" to="t1" to-position="1" resolved="yes">
      <change idref="t8" attribute="isGroup" type="real" from="0" to="1"/>
      <change idref="t8" attribute="noEarlierThanConstraintDate" type="date" to="2017-12-22T00:30:00.000Z"/>
      <change idref="t8" attribute="taskType" type="real" from="0" to="2"/>
      <change idref="t8" attribute="title" type="string" to="2000份数据的问卷"/>
    </change>
    <change idref="t11" to="t1" to-position="2" resolved="yes">
      <change idref="t11" attribute="effort" type="real" from="28800" to="101700"/>
      <change idref="t11" attribute="title" type="string" to="模型设计及服务"/>
    </change>
    <change idref="t14" to="t1" to-position="3" resolved="yes">
      <change idref="t14" attribute="effort" type="real" from="28800" to="70200"/>
      <change idref="t14" attribute="noEarlierThanConstraintDate" type="date" to="2017-12-22T00:15:00.000Z"/>
      <change idref="t14" attribute="title" type="string" to="任务 1"/>
    </change>
    <change idref="t9" to="t6" to-position="0" resolved="yes">
      <change idref="t9" attribute="effort" type="real" from="28800" to="87300"/>
      <change idref="t9" attribute="title" type="string" to="问卷设计"/>
    </change>
    <change idref="t10" to="t6" to-position="1" resolved="yes">
      <change idref="t10" attribute="effort" type="real" from="28800" to="31500"/>
      <change idref="t10" attribute="noEarlierThanConstraintDate" type="date" to="2017-12-21T00:00:00.000Z"/>
      <change idref="t10" attribute="title" type="string" to="信息获取"/>
    </change>
    <change idref="t12" to="t8" to-position="0" resolved="yes">
      <change idref="t12" attribute="effort" type="real" from="28800" to="62100"/>
      <change idref="t12" attribute="title" type="string" to="问卷设计"/>
    </change>
    <change idref="t13" to="t8" to-position="1" resolved="yes">
      <change idref="t13" attribute="title" type="string" to="问卷填写"/>
    </change>
  </task-change-set>
  <task-change-set user="chenyujia" date="2017-12-18T05:29:30.264Z" timestamp="2017-12-18T05:29:30.264Z">
    <change idref="t14" from="t1" from-position="3" resolved="yes">
      <change idref="t14" attribute="effort" type="real" from="28800" to="70200"/>
      <change idref="t14" attribute="noEarlierThanConstraintDate" type="date" to="2017-12-22T00:15:00.000Z"/>
      <change idref="t14" attribute="title" type="string" to="任务 1"/>
    </change>
    <change idref="t9" attribute="styleDict" type="dict" from="{
    &quot;gantt-fill-color&quot; =     {
        b = &quot;0.362958&quot;;
        g = &quot;0.397924&quot;;
        r = &quot;0.997495&quot;;
    };
    inheritedStyles =     (
        &quot;\U6570\U535c&quot;
    );
}" to="{
    inheritedStyles =     (
        &quot;\U6570\U535c&quot;
    );
}" resolved="yes"/>
    <change idref="t10" attribute="styleDict" type="dict" to="{
    inheritedStyles =     (
        &quot;\U6570\U535c&quot;
    );
}" resolved="yes"/>
    <change idref="t11" attribute="effort" type="real" from="101700" to="28800" resolved="yes"/>
    <change idref="t11" attribute="styleDict" type="dict" to="{
    inheritedStyles =     (
        &quot;\U8109\U7b56&quot;
    );
}" resolved="yes"/>
    <change idref="t11" attribute="noEarlierThanConstraintDate" type="date" to="2017-12-22T00:15:00.000Z" resolved="yes"/>
    <change idref="t12" attribute="styleDict" type="dict" to="{
    inheritedStyles =     (
        &quot;\U8109\U7b56&quot;
    );
}" resolved="yes"/>
    <change idref="t13" attribute="styleDict" type="dict" to="{
    inheritedStyles =     (
        &quot;\U6570\U535c&quot;
    );
}" resolved="yes"/>
  </task-change-set>
  <task-change-set user="chenyujia" date="2017-12-18T05:30:45.166Z" timestamp="2017-12-18T05:30:45.166Z">
    <change idref="t11" attribute="effort" type="real" from="28800" to="403200" resolved="yes"/>
    <change idref="t12" attribute="effort" type="real" from="62100" to="144000" resolved="yes"/>
  </task-change-set>
  <task-change-set user="chenyujia" date="2017-12-18T05:42:32.236Z" timestamp="2017-12-18T05:42:32.236Z">
    <change idref="t11" attribute="isGroup" type="real" from="0" to="1" resolved="yes"/>
    <change idref="t11" attribute="multiResourceWorkType" type="real" from="0" resolved="yes"/>
    <change idref="t11" attribute="isSplittableTask" type="real" from="1" resolved="yes"/>
    <change idref="t11" attribute="taskType" type="real" from="0" to="2" resolved="yes"/>
    <change idref="t11" attribute="resourceAssignmentType" type="real" from="0" resolved="yes"/>
    <change idref="t11" attribute="staticCost" type="real" from="0" resolved="yes"/>
    <change idref="t11" attribute="effort" type="real" from="403200" resolved="yes"/>
    <change idref="t11" attribute="isSplitChunk" type="real" from="0" resolved="yes"/>
    <change idref="t11" attribute="scheduleType" type="real" from="0" resolved="yes"/>
    <change idref="t11" attribute="internalAssignments" type="string" from="" resolved="yes"/>
    <change idref="t11" attribute="isSplitTask" type="real" from="0" resolved="yes"/>
    <change idref="t11" attribute="internalEffortDone" type="real" from="0" resolved="yes"/>
    <change idref="t21" to="t11" to-position="0" resolved="yes">
      <change idref="t21" attribute="effort" type="real" from="28800" to="403200"/>
      <change idref="t21" attribute="styleDict" type="dict" to="{
    inheritedStyles =     (
        &quot;\U8109\U7b56&quot;
    );
}"/>
      <change idref="t21" attribute="title" type="string" to="各指标的强化学习模型"/>
    </change>
    <change idref="t22" to="t11" to-position="1" resolved="yes">
      <change idref="t22" attribute="effort" type="real" from="28800" to="144000"/>
      <change idref="t22" attribute="styleDict" type="dict" to="{
    inheritedStyles =     (
        &quot;\U8109\U7b56&quot;
    );
}"/>
      <change idref="t22" attribute="title" type="string" to="输入因素重要程度分析"/>
    </change>
  </task-change-set>
  <task-change-set user="chenyujia" date="2017-12-18T05:44:26.745Z" timestamp="2017-12-18T05:44:26.745Z">
    <change idref="t6" attribute="styleDict" type="dict" to="{
    inheritedStyles =     (
        &quot;\U6570\U535c&quot;
    );
}" resolved="yes"/>
  </task-change-set>
  <metadata-change-set user="chenyujia" date="2017-12-18T05:23:16.806Z" timestamp="2017-12-18T05:23:16.806Z">
    <change idref="m1" attribute="fixedDate" type="date" from="2007-01-01T20:00:00.000Z" to="2017-12-18T00:00:00.000Z" resolved="yes"/>
  </metadata-change-set>
  <metadata-change-set user="chenyujia" date="2017-12-18T05:29:30.264Z" timestamp="2017-12-18T05:29:30.264Z">
    <change idref="m1" attribute="namedStyleProps" type="dict" to="{
    &quot;_order&quot; =     (
        ce7LJ3HDeCp,
        &quot;boP_viJjDik&quot;
    );
    &quot;boP_viJjDik&quot; = &quot;\U8109\U7b56&quot;;
    ce7LJ3HDeCp = &quot;\U6570\U535c&quot;;
}" resolved="yes"/>
    <change idref="m1" attribute="namedStyle_boP_viJjDik" type="dict" to="{
    &quot;gantt-fill-color&quot; =     {
        b = &quot;0.40782&quot;;
        g = &quot;0.997495&quot;;
        r = &quot;0.168466&quot;;
    };
}" resolved="yes"/>
    <change idref="m1" attribute="namedStyle_ce7LJ3HDeCp" type="dict" to="{
    &quot;gantt-fill-color&quot; =     {
        b = &quot;0.430437&quot;;
        g = &quot;0.433318&quot;;
        r = &quot;0.997495&quot;;
    };
}" resolved="yes"/>
  </metadata-change-set>
</changelog>
