<?xml version="1.0" encoding="UTF-8" standalone="no"?>
<scenario xmlns="http://www.omnigroup.com/namespace/OmniPlan/v2" xmlns:opns="http://www.omnigroup.com/namespace/OmniPlan/v2" id="cpJyQJ1wpvm">
  <start-date>2017-12-18T00:00:00.000Z</start-date>
  <named-styles-proxy>
    <named-style-proxy name="数卜" id="ce7LJ3HDeCp"/>
    <named-style-proxy name="脉策" id="boP_viJjDik"/>
  </named-styles-proxy>
  <prototype-task>
    <task id="t-2">
      <title>任务 1</title>
      <effort>28800</effort>
    </task>
  </prototype-task>
  <prototype-task>
    <task id="t-3">
      <title>里程碑 1</title>
      <type>milestone</type>
    </task>
  </prototype-task>
  <prototype-task>
    <task id="t-4">
      <title>群组 1</title>
      <type>group</type>
    </task>
  </prototype-task>
  <prototype-resource>
    <resource id="r-2">
      <name>资源 1</name>
      <type>Staff</type>
    </resource>
  </prototype-resource>
  <prototype-resource>
    <resource id="r-3">
      <name>设备 1</name>
      <type>Equipment</type>
    </resource>
  </prototype-resource>
  <prototype-resource>
    <resource id="r-4">
      <name>素材 1</name>
      <type>Material</type>
      <units-available>0</units-available>
      <efficiency>0</efficiency>
    </resource>
  </prototype-resource>
  <prototype-resource>
    <resource id="r-5">
      <name>群组 1</name>
      <type>Group</type>
    </resource>
  </prototype-resource>
  <top-resource idref="r-1"/>
  <resource id="r-1">
    <type>Group</type>
    <child-resource idref="r1"/>
  </resource>
  <resource id="r1">
    <name>资源 1</name>
    <type>Staff</type>
  </resource>
  <top-task idref="t-1"/>
  <task id="t-1">
    <type>group</type>
    <child-task idref="t1"/>
  </task>
  <task id="t1">
    <title>tomorrow v 2.0</title>
    <type>group</type>
    <child-task idref="t6"/>
    <child-task idref="t8"/>
    <child-task idref="t11"/>
  </task>
  <task id="t6">
    <title>输入信息的2000份真实样本获取</title>
    <type>group</type>
    <child-task idref="t9"/>
    <child-task idref="t10"/>
    <style>
      <inherited-style name="数卜" idref="ce7LJ3HDeCp"/>
    </style>
  </task>
  <task id="t8">
    <title>2000份数据的问卷</title>
    <type>group</type>
    <start-constraint-date>2017-12-22T00:30:00.000Z</start-constraint-date>
    <child-task idref="t12"/>
    <child-task idref="t13"/>
    <start-no-earlier-than>2017-12-22T00:30:00.000Z</start-no-earlier-than>
  </task>
  <task id="t9">
    <title>问卷设计</title>
    <effort>87300</effort>
    <style>
      <inherited-style name="数卜" idref="ce7LJ3HDeCp"/>
    </style>
  </task>
  <task id="t10">
    <title>信息获取</title>
    <effort>31500</effort>
    <start-constraint-date>2017-12-21T00:00:00.000Z</start-constraint-date>
    <style>
      <inherited-style name="数卜" idref="ce7LJ3HDeCp"/>
    </style>
    <start-no-earlier-than>2017-12-21T00:00:00.000Z</start-no-earlier-than>
  </task>
  <task id="t11">
    <title>模型设计及服务</title>
    <type>group</type>
    <start-constraint-date>2017-12-22T00:15:00.000Z</start-constraint-date>
    <child-task idref="t21"/>
    <child-task idref="t22"/>
    <style>
      <inherited-style name="脉策" idref="boP_viJjDik"/>
    </style>
    <start-no-earlier-than>2017-12-22T00:15:00.000Z</start-no-earlier-than>
  </task>
  <task id="t12">
    <title>问卷设计</title>
    <effort>144000</effort>
    <style>
      <inherited-style name="脉策" idref="boP_viJjDik"/>
    </style>
  </task>
  <task id="t13">
    <title>问卷填写</title>
    <effort>28800</effort>
    <style>
      <inherited-style name="数卜" idref="ce7LJ3HDeCp"/>
    </style>
  </task>
  <task id="t21">
    <title>各指标的强化学习模型</title>
    <effort>403200</effort>
    <style>
      <inherited-style name="脉策" idref="boP_viJjDik"/>
    </style>
  </task>
  <task id="t22">
    <title>输入因素重要程度分析</title>
    <effort>144000</effort>
    <style>
      <inherited-style name="脉策" idref="boP_viJjDik"/>
    </style>
  </task>
  <critical-path root="-1" enabled="false" resources="false">
    <color r="1" g="0.5" b="0.5"/>
  </critical-path>
</scenario>
